Name,Area,Purpose,Description/Details,Address
Kichi Kichi,Kyoto,Restaurant,Famous Omurice guy. Need to make reservation,"185-4 Zaimokucho, Nakagyo Ward, Kyoto, 604-8017, Japan"
Engine Ramen,Kyoto,Restaurant,Ramen spot,"580-2 Nakanocho, Nakagyo Ward, Kyoto, 604-8042, Japan"
International Manga Museum,Kyoto,Sightseeing,Its in the name seems pretty cool. ~$7 admission fee,"452 Kinbukicho, Nakagyo Ward, Kyoto, 604-0846, Japan"
1 OAK,Minato City,Clubs,Pretty good,"1 Chome-4-5 Azabujuban, Minato City, Tokyo 106-0045, Japan"
Yakiniku Like,Multiple Locations,Restaurant,Good yakiniku chain,
BicCamera,Multiple Locations,Stores,Electronics store with hella stuff,
Don Quijote,Multiple Locations,Stores,Chain store that sells everything basically. Its literally Japanese Walmart ,
Sukiya,Multiple Locations,Restaurant,Gyudon chain restaurant,
Gyukatsu Motomura,Multiple Locations,Restaurant,Must try gyukatsu restaurant,
Hanaruken Hozenji,Osaka,Restaurant,"Ramen open 24 hours, next to our AirBNB","1 Chome-2-1 Namba, Chuo Ward, Osaka, 542-0076, Japan"
OWL,Osaka,Clubs,One of the best clubs in Japan,
Japonica Tokyo,Shibuya,Restaurant,Solid food,"16-5 Daikanyamacho, Shibuya, Tokyo 150-0034, Japan"
Jin's Eyewear,Shibuya,Stores,"Reputable and high quality place for glasses, free eye exam, can pick up prescription glasses on the same day","Japan, 〒150-0042 Tokyo, Shibuya, Udagawacho, 31番1号"
Cas:pace,Harujuku,Stores,Sells cases for phones and airpods. Pretty cool designs,"Japan, 〒150-0001 Tokyo, Shibuya, Jingumae, 3 Chome−24−3 桑原ビル 1階B"
CE LA VI,Shibuya,Clubs,"Really cool view but kinda expensive and not worth, only really older people go here","Japan, 〒150-0043 Tokyo, Shibuya, Dogenzaka, 1 Chome−2−3 東急プラザ渋谷17階 ＆18階"
Omoide Yokocho,Shinjuku,Sightseeing,Narrow alleyway with food stalls and bars,
Golden Gai,Shinjuku,Sightseeing,Narrow alleyway with a lot of bars. Might be a little tourist-y though,
Egg Baby Cafe,Taito,Cafe,Soft-boiled egg sandwich,"5 Chome-10-9 Ueno, Taito City, Tokyo 110-0005, Japan"
Age.3,,Dessert,Fried sandwich with filling,"Japan, 〒104-0061 Tokyo, Chuo City, Ginza, 1 Chome−24−11 杉浦ビル 1Ｆ"
Togoshiya,Shibuya,Restaurant,Rice ball shop,
Menchirashi Harajuku,Harujuku,Restaurant,Udon carbonara,
Gion Unagi Kawato Kyoto,Kyoto,Restaurant,Allegedly best eel restaurant,
BAIA,Shibuya,Clubs,"Don's personal favorite, can be a little dead on weekdays","16-17 Udagawacho, Shibuya, Tokyo 150-0042, Japan"
TK Nightclub,Shibuya,Clubs,Sometimes give you free entry for foreigners if you get a card on the street,"Japan, 〒150-0042 Tokyo, Shibuya, Udagawacho, 13−8 B1"
Atom/Harlem,,Clubs,,
Ippodo Tea ,Kyoto,Stores,Buy Matcha,
GOKAGO,Kyoto,Cafe,Matcha Place,
Fushima Inari Taisha,Kyoto,Sightseeing,Come early to get that insta pic -> https://www.japan-guide.com/g18/3915_top.jpg,
Kiyomizu-dera,Kyoto,Sightseeing,https://tinyurl.com/bdvznwh9,
HIgashiyama District,Kyoto,Sightseeing,https://tinyurl.com/27saft4u,
Nintendo Museum,Kyoto,Sightseeing,Kinda far from a lot of stuff we wanna get to in Kyoto but looks really cool,
Arashiyama Bamboo Forest,Kyoto,Sightseeing,https://tinyurl.com/bdzy7fvb,
KFC (Featured in JJK),Shinjuku,Sightseeing,satosugu fans come pay your respects,"1 Chome-2-10 Nishishinjuku, Shinjuku City, Tokyo 160-0023, Japan"
Wagyu Idaten,Osaka,Restaurant,MUST try wagyu bowl (recommended by peter; claimed to be best thing he ate in JP),Addy in google maps
Zuicho Katsudon,Shibuya,Restaurant,MUST try katsudon (best katsudon) ,
Savoy,Minato City,Restaurant,Best pizza in JP,
Wagyu Ichinoya,Taito,Restaurant,Wagyu bowl in tokyo (idaten is better in osak),
Oreyu Shio Ramen,Shibuya,Restaurant,Order ramen @ vending machine (#1 RAMEN IMO WE MUST GO - DUSTIN),Multiple locations all in shibuya
Udon Shin,Shibuya,Restaurant,Udon (recs: Beef/butter udon or Carbonara udon),
Tsurutontan Shinjuku,Shinjuku,Restaurant,Carbonara Udon,
Hanamaruken Hozenji,Osaka,Restaurant,Ramen Open 24hr (very close to our airbnb),
Nintendo Store ,Shibuya,Stores,Nintendo/gaming merch,
Kushikatsu Daruma,Osaka,Restaurant,Super famous Kushikatsu place,Multiple locations in Osaka
KITH TREATS,Shibuya,Dessert,Ice cream shop. Has cereal ice cream,
Den-Den Town,Osaka,Stores,Akihabara but for Osaka (Anime/gaming stuff),
Your Name Stairs,Shinjuku,Sightseeing,it'll be just like the movie,"Sugacho, Shinjuku City, Tokyo 160-0018, Japan"
Gyukatsu kyoto katsugyu,Kyoto,Restaurant,Just like gyukatsu motomura but in kyoto,
GU,Multiple Locations,Stores,Uniqlo's retail company (sister company),
Sushi to Shabushabu No.8,Osaka,Restaurant,All you can eat sushi and wagyu (hotpot),"3F, 6-1 Doyamacho, Kita Ward, Osaka, 530-0027, Japan"
Mom's Touch,Shibuya,Restaurant,Chicken restaurant glazed by many ,"Japan, 〒150-0041 Tokyo, Shibuya, Jinnan, 1 Chome−23−13 1階"
Ramen Nagi,Shinjuku,Restaurant,Open 24/7,"Japan, 〒160-0021 Tokyo, Shinjuku City, Kabukicho, 1 Chome−1−10 ２階"
Torikizoku ,Multiple Locations,Restaurant,Pretty good yakitori chain,
Yakiniku Gu Shinjuku,Shinjuku,Restaurant,"Fire yakiniku, they also take reservations","Japan, 〒160-0023 Tokyo, Shinjuku City, Nishishinjuku, 7 Chome−16−10 西新宿ミカエラビル B1F"